{
    "a": 0.056041140788773515,
    "b": 0.11489041310965441,
    "rho": -0.9989999980522859,
    "m": 0.06305291794576283,
    "s": 0.1548312538491996
}