{
    "a": -0.012593489058280657,
    "b": 0.36829646418893736,
    "rho": 0.31930871493768603,
    "m": 0.2535188180920522,
    "s": 0.2258895338894247
}